filename,absolute_path,class_label,file_size_bytes,sample_rate_hz,bit_depth,channels,duration_seconds,md5_hash,is_zero_byte,is_corrupted,is_duplicate,has_missing_label,has_nonstandard_filename,flags_summary
03.2.wav,/home/ali/projects/stuttering-ai-system/ai/dataset/raw/Blocks/03.2.wav,blocks,979098,44100,16,2,5.55,1f245bf024b142f4eaaf42ea0e640625,False,False,False,False,False,
04.2.wav,/home/ali/projects/stuttering-ai-system/ai/dataset/raw/Blocks/04.2.wav,blocks,591018,44100,16,2,3.35,d690ed4e6f18884e5211c4f6afaf7ce0,False,False,False,False,False,
07.1.wav,/home/ali/projects/stuttering-ai-system/ai/dataset/raw/Blocks/07.1.wav,blocks,961458,44100,16,2,5.45,ff2cdec18806c532fa0465e81d9c7cfc,False,False,False,False,False,
11.1.wav,/home/ali/projects/stuttering-ai-system/ai/dataset/raw/Blocks/11.1.wav,blocks,802698,44100,16,2,4.55,3903535809d71b5b56765d0f4ed092fa,False,False,False,False,False,
Audio_05.wav,/home/ali/projects/stuttering-ai-system/ai/dataset/raw/Blocks/Audio_05.wav,blocks,642612,16000,16,2,10.0,d9ca533b366891013694937c6eeb1fd8,False,False,False,False,False,
Audio_06.wav,/home/ali/projects/stuttering-ai-system/ai/dataset/raw/Blocks/Audio_06.wav,blocks,642612,16000,16,2,10.0,5e87e73ec937b55181dc259f04e8c529,False,False,False,False,False,
Audio_102.wav,/home/ali/projects/stuttering-ai-system/ai/dataset/raw/Blocks/Audio_102.wav,blocks,642612,16000,16,2,10.0,2e17d9a617b39b31c25a1788b0f6416e,False,False,False,False,False,
Audio_107.wav,/home/ali/projects/stuttering-ai-system/ai/dataset/raw/Blocks/Audio_107.wav,blocks,642646,16000,16,2,10.0,dffd93a4113e18a3d7fa9dc9f23222ec,False,False,False,False,False,
Audio_109.wav,/home/ali/projects/stuttering-ai-system/ai/dataset/raw/Blocks/Audio_109.wav,blocks,642626,16000,16,2,10.0,f6c56bc9186d0d8c14a23af6addd338c,False,False,False,False,False,
Audio_12.wav,/home/ali/projects/stuttering-ai-system/ai/dataset/raw/Blocks/Audio_12.wav,blocks,642612,16000,16,2,10.0,6e4bb736ed9d92c41558b646cd6b8cb4,False,False,False,False,False,
Audio_13.wav,/home/ali/projects/stuttering-ai-system/ai/dataset/raw/Blocks/Audio_13.wav,blocks,642612,16000,16,2,10.0,eb33f5d07a2ded7f99b02c520e1e8005,False,False,False,False,False,
Audio_14.wav,/home/ali/projects/stuttering-ai-system/ai/dataset/raw/Blocks/Audio_14.wav,blocks,642612,16000,16,2,10.0,860ae190f0dd5e5534735c018020995e,False,False,False,False,False,
Audio_18.wav,/home/ali/projects/stuttering-ai-system/ai/dataset/raw/Blocks/Audio_18.wav,blocks,642612,16000,16,2,10.0,adbdb24e53f568f742334509aa56e369,False,False,False,False,False,
Audio_29.wav,/home/ali/projects/stuttering-ai-system/ai/dataset/raw/Blocks/Audio_29.wav,blocks,642612,16000,16,2,10.0,eb0d5f890217492b07843052d008333d,False,False,False,False,False,
Audio_33.wav,/home/ali/projects/stuttering-ai-system/ai/dataset/raw/Blocks/Audio_33.wav,blocks,642612,16000,16,2,10.0,deb198a175e3cb79c141cc9c729f3897,False,False,False,False,False,
Audio_37.wav,/home/ali/projects/stuttering-ai-system/ai/dataset/raw/Blocks/Audio_37.wav,blocks,642612,16000,16,2,10.0,6eecb2c53ca4b22b7bfe69c0fcae6158,False,False,False,False,False,
Audio_38.wav,/home/ali/projects/stuttering-ai-system/ai/dataset/raw/Blocks/Audio_38.wav,blocks,642612,16000,16,2,10.0,13a589ca0417addfd1e13a742d761bf9,False,False,False,False,False,
Audio_60.wav,/home/ali/projects/stuttering-ai-system/ai/dataset/raw/Blocks/Audio_60.wav,blocks,642612,16000,16,2,10.0,466f1bf06afb35794b756590ad0cd780,False,False,False,False,False,
KFHU07.wav,/home/ali/projects/stuttering-ai-system/ai/dataset/raw/Blocks/KFHU07.wav,blocks,642612,16000,16,2,10.0,9d5db923549de38c46419484305fe09c,False,False,False,False,False,
KFHU12.wav,/home/ali/projects/stuttering-ai-system/ai/dataset/raw/Blocks/KFHU12.wav,blocks,642612,16000,16,2,10.0,fdd79cd8f9597f3bcda5ec427ed53cd6,False,False,False,False,False,
KFHU13.wav,/home/ali/projects/stuttering-ai-system/ai/dataset/raw/Blocks/KFHU13.wav,blocks,642612,16000,16,2,10.0,1b8941cedefcd72fbbe4b34e648ce97f,False,False,False,False,False,
KFHU14.wav,/home/ali/projects/stuttering-ai-system/ai/dataset/raw/Blocks/KFHU14.wav,blocks,642612,16000,16,2,10.0,25bdd8dd71b17fd843ca863e0034d5f3,False,False,False,False,False,
KFHU15.wav,/home/ali/projects/stuttering-ai-system/ai/dataset/raw/Blocks/KFHU15.wav,blocks,642612,16000,16,2,10.0,9e7a41fbbadccdb27f0586831723f4d3,False,False,False,False,False,
KFHU16.wav,/home/ali/projects/stuttering-ai-system/ai/dataset/raw/Blocks/KFHU16.wav,blocks,642612,16000,16,2,10.0,16416085362fe72d8293b0dea76e9a6f,False,False,False,False,False,
KFHU18.wav,/home/ali/projects/stuttering-ai-system/ai/dataset/raw/Blocks/KFHU18.wav,blocks,642612,16000,16,2,10.0,cf7f0fdc5a2d3a564a22e7e33e4f3399,False,False,False,False,False,
KFHU30.wav,/home/ali/projects/stuttering-ai-system/ai/dataset/raw/Blocks/KFHU30.wav,blocks,642612,16000,16,2,10.0,eb77f216cad87113fcfbb74d3b71d8ac,False,False,False,False,False,
KFHU33.wav,/home/ali/projects/stuttering-ai-system/ai/dataset/raw/Blocks/KFHU33.wav,blocks,642612,16000,16,2,10.0,b585a9634b2db8a6e8a8395808bb63bb,False,False,False,False,False,
KFHU38.wav,/home/ali/projects/stuttering-ai-system/ai/dataset/raw/Blocks/KFHU38.wav,blocks,642612,16000,16,2,10.0,c73c19526d332593be8cb8c91da91a81,False,False,False,False,False,
KFHU41.1.wav,/home/ali/projects/stuttering-ai-system/ai/dataset/raw/Blocks/KFHU41.1.wav,blocks,705678,44100,16,2,4.0,3432aa116128e993c6cb7fe4d26d9f2a,False,False,False,False,False,
KFHU42.2.wav,/home/ali/projects/stuttering-ai-system/ai/dataset/raw/Blocks/KFHU42.2.wav,blocks,1199598,44100,16,2,6.8,555adcd32bdd30a1fc969caf4019bdaf,False,False,False,False,False,
KFHU45.wav,/home/ali/projects/stuttering-ai-system/ai/dataset/raw/Blocks/KFHU45.wav,blocks,642612,16000,16,2,10.0,9ffc2ccd893931558fe9237f40c89f6b,False,False,False,False,False,
KFHU46.wav,/home/ali/projects/stuttering-ai-system/ai/dataset/raw/Blocks/KFHU46.wav,blocks,642612,16000,16,2,10.0,27674ba67151c6f526b854e29f918dfc,False,False,False,False,False,
KFHU48.1.wav,/home/ali/projects/stuttering-ai-system/ai/dataset/raw/Blocks/KFHU48.1.wav,blocks,696858,44100,16,2,3.95,4fb469255bf4e096659058fe5be5331f,False,False,False,False,False,
KFHU66.wav,/home/ali/projects/stuttering-ai-system/ai/dataset/raw/Blocks/KFHU66.wav,blocks,642612,16000,16,2,10.0,0d1aac9c345f5430c7896becca4f92db,False,False,False,False,False,
KFHU71.wav,/home/ali/projects/stuttering-ai-system/ai/dataset/raw/Blocks/KFHU71.wav,blocks,642612,16000,16,2,10.0,8045005764c659f1abc394642f49788b,False,False,False,False,False,
KFHU72.wav,/home/ali/projects/stuttering-ai-system/ai/dataset/raw/Blocks/KFHU72.wav,blocks,642612,16000,16,2,10.0,58d6a6a055a112a005c44de18edf68bc,False,False,False,False,False,
KFHU74.wav,/home/ali/projects/stuttering-ai-system/ai/dataset/raw/Blocks/KFHU74.wav,blocks,642612,16000,16,2,10.0,bb2bb888c48554da0bf3517023fbd287,False,False,False,False,False,
01.3.wav,/home/ali/projects/stuttering-ai-system/ai/dataset/raw/Fluent/01.3.wav,fluent,529278,44100,16,2,3.0,640aee7cc585fdd512760aec1bf8904f,False,False,False,False,False,
02.2.wav,/home/ali/projects/stuttering-ai-system/ai/dataset/raw/Fluent/02.2.wav,fluent,670398,44100,16,2,3.8,414840f7ac0d96927b35d25484dcbdd6,False,False,False,False,False,
03.1.wav,/home/ali/projects/stuttering-ai-system/ai/dataset/raw/Fluent/03.1.wav,fluent,767418,44100,16,2,4.35,86edbe848ceae976cd569e476e072e99,False,False,False,False,False,
Audio_10.wav,/home/ali/projects/stuttering-ai-system/ai/dataset/raw/Fluent/Audio_10.wav,fluent,642612,16000,16,2,10.0,9e32f1adacc4c321cfdea57a3a907cbc,False,False,False,False,False,
Audio_100.wav,/home/ali/projects/stuttering-ai-system/ai/dataset/raw/Fluent/Audio_100.wav,fluent,642612,16000,16,2,10.0,4a91623ddc60c303e90d44488f60a047,False,False,False,False,False,
Audio_101.wav,/home/ali/projects/stuttering-ai-system/ai/dataset/raw/Fluent/Audio_101.wav,fluent,642612,16000,16,2,10.0,f2cba14fe2a52a3b44558377e011e840,False,False,False,False,False,
Audio_104.wav,/home/ali/projects/stuttering-ai-system/ai/dataset/raw/Fluent/Audio_104.wav,fluent,642646,16000,16,2,10.0,d733977a64105a0b7985a74a443a1307,False,False,False,False,False,
Audio_105.wav,/home/ali/projects/stuttering-ai-system/ai/dataset/raw/Fluent/Audio_105.wav,fluent,642662,16000,16,2,10.0,7f5c3b037d7f04c6d3155b52ba9d2207,False,False,False,False,False,
Audio_106.wav,/home/ali/projects/stuttering-ai-system/ai/dataset/raw/Fluent/Audio_106.wav,fluent,642638,16000,16,2,10.0,e2692c08a8abddaa0dedbaff10491092,False,False,False,False,False,
Audio_108.wav,/home/ali/projects/stuttering-ai-system/ai/dataset/raw/Fluent/Audio_108.wav,fluent,642638,16000,16,2,10.0,b74f3a344febed9c238681ca3b3f8c2c,False,False,False,False,False,
Audio_16.wav,/home/ali/projects/stuttering-ai-system/ai/dataset/raw/Fluent/Audio_16.wav,fluent,642612,16000,16,2,10.0,e58235b16d914d6bc0a6e813f1c5b58b,False,False,False,False,False,
Audio_17.wav,/home/ali/projects/stuttering-ai-system/ai/dataset/raw/Fluent/Audio_17.wav,fluent,642612,16000,16,2,10.0,8ca4ebc1ac6a1427dd42fbe24532d40e,False,False,False,False,False,
Audio_27.wav,/home/ali/projects/stuttering-ai-system/ai/dataset/raw/Fluent/Audio_27.wav,fluent,642612,16000,16,2,10.0,4208d6bbf8a8c8be73e44142ed0d1e86,False,False,False,False,False,
Audio_32.wav,/home/ali/projects/stuttering-ai-system/ai/dataset/raw/Fluent/Audio_32.wav,fluent,642612,16000,16,2,10.0,9cb34458d08997a72eb3d2b8a0a77e7a,False,False,False,False,False,
Audio_50.wav,/home/ali/projects/stuttering-ai-system/ai/dataset/raw/Fluent/Audio_50.wav,fluent,642612,16000,16,2,10.0,10f7303e5b601d7e34c386a575bd0c9c,False,False,False,False,False,
Audio_61.wav,/home/ali/projects/stuttering-ai-system/ai/dataset/raw/Fluent/Audio_61.wav,fluent,642612,16000,16,2,10.0,602c840da8e08cbb7905fd3ace933753,False,False,False,False,False,
Audio_84.wav,/home/ali/projects/stuttering-ai-system/ai/dataset/raw/Fluent/Audio_84.wav,fluent,642612,16000,16,2,10.0,61ebbd519b2771bbbfd6bc1517d6070a,False,False,False,False,False,
Audio_85.wav,/home/ali/projects/stuttering-ai-system/ai/dataset/raw/Fluent/Audio_85.wav,fluent,642612,16000,16,2,10.0,3a4faea49f3568102c07e6e7d438f61b,False,False,False,False,False,
Audio_86.wav,/home/ali/projects/stuttering-ai-system/ai/dataset/raw/Fluent/Audio_86.wav,fluent,642612,16000,16,2,10.0,a284f5f1db9e0e65bcc5b25ad7c3555e,False,False,False,False,False,
Audio_87.wav,/home/ali/projects/stuttering-ai-system/ai/dataset/raw/Fluent/Audio_87.wav,fluent,642612,16000,16,2,10.0,e8e14b2c2cb28f681f67a3314a2242d0,False,False,False,False,False,
Audio_88.wav,/home/ali/projects/stuttering-ai-system/ai/dataset/raw/Fluent/Audio_88.wav,fluent,642612,16000,16,2,10.0,ef73933279f10c7e9748bf352a5fd8ef,False,False,False,False,False,
Audio_89.wav,/home/ali/projects/stuttering-ai-system/ai/dataset/raw/Fluent/Audio_89.wav,fluent,642612,16000,16,2,10.0,3903919d8f3626b1ae17b5509614f7cf,False,False,False,False,False,
Audio_90.wav,/home/ali/projects/stuttering-ai-system/ai/dataset/raw/Fluent/Audio_90.wav,fluent,642612,16000,16,2,10.0,f3af9ec48922577ea656b5f2dcb5e832,False,False,False,False,False,
Audio_91.wav,/home/ali/projects/stuttering-ai-system/ai/dataset/raw/Fluent/Audio_91.wav,fluent,642612,16000,16,2,10.0,1e336c27791be3f9d80fec4d5601414d,False,False,False,False,False,
Audio_92.wav,/home/ali/projects/stuttering-ai-system/ai/dataset/raw/Fluent/Audio_92.wav,fluent,642612,16000,16,2,10.0,e09580dea8a0e9dafb65468c074c6fef,False,False,False,False,False,
Audio_93.wav,/home/ali/projects/stuttering-ai-system/ai/dataset/raw/Fluent/Audio_93.wav,fluent,642612,16000,16,2,10.0,71195b986d69d869ec86676fbd4f935f,False,False,False,False,False,
Audio_94.wav,/home/ali/projects/stuttering-ai-system/ai/dataset/raw/Fluent/Audio_94.wav,fluent,642612,16000,16,2,10.0,ced4ddf9b0198219f0d9f415b4af0975,False,False,False,False,False,
Audio_95.wav,/home/ali/projects/stuttering-ai-system/ai/dataset/raw/Fluent/Audio_95.wav,fluent,642612,16000,16,2,10.0,ad031f825cfd265dad0326beeaab1644,False,False,False,False,False,
Audio_96.wav,/home/ali/projects/stuttering-ai-system/ai/dataset/raw/Fluent/Audio_96.wav,fluent,642612,16000,16,2,10.0,fd19ad7fe8237e4faf7ef4e24ba0fa1c,False,False,False,False,False,
Audio_97.wav,/home/ali/projects/stuttering-ai-system/ai/dataset/raw/Fluent/Audio_97.wav,fluent,642612,16000,16,2,10.0,2a3a3fb99035bb677191312319a201c0,False,False,False,False,False,
Audio_98.wav,/home/ali/projects/stuttering-ai-system/ai/dataset/raw/Fluent/Audio_98.wav,fluent,642612,16000,16,2,10.0,c0fe86791d5ecc3e12ca4b24ce5475fd,False,False,False,False,False,
KFHU02.wav,/home/ali/projects/stuttering-ai-system/ai/dataset/raw/Fluent/KFHU02.wav,fluent,642612,16000,16,2,10.0,74aa39741e1b1015dc2f4768efeb7700,False,False,False,False,False,
KFHU08.wav,/home/ali/projects/stuttering-ai-system/ai/dataset/raw/Fluent/KFHU08.wav,fluent,642612,16000,16,2,10.0,3387e944369792386d616f9d8df48a9c,False,False,False,False,False,
KFHU11.wav,/home/ali/projects/stuttering-ai-system/ai/dataset/raw/Fluent/KFHU11.wav,fluent,642612,16000,16,2,10.0,9180aa15c1a788f8140b323e30f01295,False,False,False,False,False,
KFHU17.wav,/home/ali/projects/stuttering-ai-system/ai/dataset/raw/Fluent/KFHU17.wav,fluent,642612,16000,16,2,10.0,bddbc4949f3c49d72e8aac99159c5623,False,False,False,False,False,
KFHU22.wav,/home/ali/projects/stuttering-ai-system/ai/dataset/raw/Fluent/KFHU22.wav,fluent,642612,16000,16,2,10.0,6e124d276209296bd7b41f25d12d0c20,False,False,False,False,False,
KFHU28.wav,/home/ali/projects/stuttering-ai-system/ai/dataset/raw/Fluent/KFHU28.wav,fluent,642612,16000,16,2,10.0,2d707367d84c7ebc57587834b87b1712,False,False,False,False,False,
KFHU69.wav,/home/ali/projects/stuttering-ai-system/ai/dataset/raw/Fluent/KFHU69.wav,fluent,642612,16000,16,2,10.0,47713edc02b7c8370e8a087b2fe4449e,False,False,False,False,False,
34.3.wav,/home/ali/projects/stuttering-ai-system/ai/dataset/raw/Interjections/34.3.wav,interjections,458718,44100,16,2,2.6,9ceb40819299f27d239cd0392cbf38e4,False,False,False,False,False,
43.1.wav,/home/ali/projects/stuttering-ai-system/ai/dataset/raw/Interjections/43.1.wav,interjections,529278,44100,16,2,3.0,6c069fe1647f3d737a39a08f04035c93,False,False,False,False,False,
Audio_99.wav,/home/ali/projects/stuttering-ai-system/ai/dataset/raw/Interjections/Audio_99.wav,interjections,642612,16000,16,2,10.0,19d31620a967698f50a2ef87a2072e36,False,False,False,False,False,
KFHU01.2.wav,/home/ali/projects/stuttering-ai-system/ai/dataset/raw/Interjections/KFHU01.2.wav,interjections,493998,44100,16,2,2.8,c7f9dcfe46adbfb4c94dab798a1360f8,False,False,False,False,False,
KFHU04.wav,/home/ali/projects/stuttering-ai-system/ai/dataset/raw/Interjections/KFHU04.wav,interjections,642612,16000,16,2,10.0,b31c3e2cecf34113ed6af6deb3678c00,False,False,False,False,False,
KFHU36.wav,/home/ali/projects/stuttering-ai-system/ai/dataset/raw/Interjections/KFHU36.wav,interjections,642612,16000,16,2,10.0,4de36cedac3e793ffe57e85f909dcdd0,False,False,False,False,False,
KFHU37.wav,/home/ali/projects/stuttering-ai-system/ai/dataset/raw/Interjections/KFHU37.wav,interjections,642612,16000,16,2,10.0,eff4b573208c162dbfcdb7e9f65ee593,False,False,False,False,False,
KFHU48.2.wav,/home/ali/projects/stuttering-ai-system/ai/dataset/raw/Interjections/KFHU48.2.wav,interjections,1067298,44100,16,2,6.05,3de3c8c0b1a0ae336a7a646f2eb0e1de,False,False,False,False,False,
KFHU53.2.wav,/home/ali/projects/stuttering-ai-system/ai/dataset/raw/Interjections/KFHU53.2.wav,interjections,908538,44100,16,2,5.15,b948acb983c3aab1ffbbd554603cde72,False,False,False,False,False,
KFHU58.1.wav,/home/ali/projects/stuttering-ai-system/ai/dataset/raw/Interjections/KFHU58.1.wav,interjections,1349538,44100,16,2,7.65,70913b112e3cfcc0c8e87b24b68116ee,False,False,False,False,False,
KFHU65.1.wav,/home/ali/projects/stuttering-ai-system/ai/dataset/raw/Interjections/KFHU65.1.wav,interjections,714498,44100,16,2,4.05,207cd39daf7528448c07f4da902ddd17,False,False,False,False,False,
KFHU67.wav,/home/ali/projects/stuttering-ai-system/ai/dataset/raw/Interjections/KFHU67.wav,interjections,642612,16000,16,2,10.0,175567fde8810fb7048ae8f949ca9d8e,False,False,False,False,False,
08.2.wav,/home/ali/projects/stuttering-ai-system/ai/dataset/raw/Prolongations/08.2.wav,prolongations,291138,44100,16,2,1.65,4750a834fcfb1a0e8976fec105a40996,False,False,False,False,False,
15.2.wav,/home/ali/projects/stuttering-ai-system/ai/dataset/raw/Prolongations/15.2.wav,prolongations,1040838,44100,16,2,5.9,57ad1394154eac6464e37bac76df718e,False,False,False,False,False,
24.2.wav,/home/ali/projects/stuttering-ai-system/ai/dataset/raw/Prolongations/24.2.wav,prolongations,1270158,44100,16,2,7.2,ccb32856ad23d91149422d395f5bef01,False,False,False,False,False,
34.2.wav,/home/ali/projects/stuttering-ai-system/ai/dataset/raw/Prolongations/34.2.wav,prolongations,935002,44100,16,2,5.300023,035b653ec559e13507ecdb88902445e5,False,False,False,False,False,
40.1.wav,/home/ali/projects/stuttering-ai-system/ai/dataset/raw/Prolongations/40.1.wav,prolongations,890898,44100,16,2,5.05,252b7c036027643ef7600f7cfdfc1c8c,False,False,False,False,False,
41.2.wav,/home/ali/projects/stuttering-ai-system/ai/dataset/raw/Prolongations/41.2.wav,prolongations,591018,44100,16,2,3.35,127391e32a3a79aad16eeef7d2c8971e,False,False,False,False,False,
52.1.wav,/home/ali/projects/stuttering-ai-system/ai/dataset/raw/Prolongations/52.1.wav,prolongations,926178,44100,16,2,5.25,975c6cc2dc4c2c911654d0708a830805,False,False,False,False,False,
56.1.wav,/home/ali/projects/stuttering-ai-system/ai/dataset/raw/Prolongations/56.1.wav,prolongations,388158,44100,16,2,2.2,935a56e1f09230eb50570786d6ddd1f5,False,False,False,False,False,
57.2.wav,/home/ali/projects/stuttering-ai-system/ai/dataset/raw/Prolongations/57.2.wav,prolongations,846798,44100,16,2,4.8,ad69aaf9928bcf213e59eb0a20efc76a,False,False,False,False,False,
59.2.wav,/home/ali/projects/stuttering-ai-system/ai/dataset/raw/Prolongations/59.2.wav,prolongations,1137858,44100,16,2,6.45,e512621e8c4744d9d5d6628f76213194,False,False,False,False,False,
Audio_26.wav,/home/ali/projects/stuttering-ai-system/ai/dataset/raw/Prolongations/Audio_26.wav,prolongations,642612,16000,16,2,10.0,1c94651f76fbf967350030ba1f99b9b9,False,False,False,False,False,
Audio_39.wav,/home/ali/projects/stuttering-ai-system/ai/dataset/raw/Prolongations/Audio_39.wav,prolongations,642612,16000,16,2,10.0,0a58f86c6057e6bc48726f163c2d86d1,False,False,False,False,False,
Audio_47.wav,/home/ali/projects/stuttering-ai-system/ai/dataset/raw/Prolongations/Audio_47.wav,prolongations,642612,16000,16,2,10.0,caed2e2abe9298c1db6e4b9352ce3592,False,False,False,False,False,
Audio_48.wav,/home/ali/projects/stuttering-ai-system/ai/dataset/raw/Prolongations/Audio_48.wav,prolongations,642612,16000,16,2,10.0,d3cee7dd0f50d654bae6a6dff5093158,False,False,False,False,False,
Audio_49.wav,/home/ali/projects/stuttering-ai-system/ai/dataset/raw/Prolongations/Audio_49.wav,prolongations,642612,16000,16,2,10.0,6adc56522b800bdfa18ffc99a93f7940,False,False,False,False,False,
Audio_53.wav,/home/ali/projects/stuttering-ai-system/ai/dataset/raw/Prolongations/Audio_53.wav,prolongations,642612,16000,16,2,10.0,d490a5f374d7d63180141700b1e9eed7,False,False,False,False,False,
Audio_54.wav,/home/ali/projects/stuttering-ai-system/ai/dataset/raw/Prolongations/Audio_54.wav,prolongations,642612,16000,16,2,10.0,c4383c51015f68bde020001cf5a72e70,False,False,False,False,False,
Audio_55.wav,/home/ali/projects/stuttering-ai-system/ai/dataset/raw/Prolongations/Audio_55.wav,prolongations,642612,16000,16,2,10.0,84cd21f0858ab30e202384d44bd4dc61,False,False,False,False,False,
Audio_58.wav,/home/ali/projects/stuttering-ai-system/ai/dataset/raw/Prolongations/Audio_58.wav,prolongations,642612,16000,16,2,10.0,e24c8c40bff9df9807edf0a87c83e907,False,False,False,False,False,
Audio_62.wav,/home/ali/projects/stuttering-ai-system/ai/dataset/raw/Prolongations/Audio_62.wav,prolongations,642612,16000,16,2,10.0,803d4b85480a1be6be963248dd108eba,False,False,False,False,False,
Audio_63.wav,/home/ali/projects/stuttering-ai-system/ai/dataset/raw/Prolongations/Audio_63.wav,prolongations,642612,16000,16,2,10.0,c1c6104335ddb792dba863798a6720a5,False,False,False,False,False,
Audio_64.wav,/home/ali/projects/stuttering-ai-system/ai/dataset/raw/Prolongations/Audio_64.wav,prolongations,642612,16000,16,2,10.0,290dabe3290050101c2bb6f771f0b6cd,False,False,False,False,False,
Audio_65.wav,/home/ali/projects/stuttering-ai-system/ai/dataset/raw/Prolongations/Audio_65.wav,prolongations,642612,16000,16,2,10.0,214d7a0946128d4d7b25875bc37b61c5,False,False,False,False,False,
Audio_67.wav,/home/ali/projects/stuttering-ai-system/ai/dataset/raw/Prolongations/Audio_67.wav,prolongations,642612,16000,16,2,10.0,4ac5a170bb7e851eae206612c9c588ea,False,False,False,False,False,
Audio_68.wav,/home/ali/projects/stuttering-ai-system/ai/dataset/raw/Prolongations/Audio_68.wav,prolongations,642612,16000,16,2,10.0,80b47c1470f9454ba7e272e6c8254b12,False,False,False,False,False,
KFHU01.3.wav,/home/ali/projects/stuttering-ai-system/ai/dataset/raw/Prolongations/KFHU01.3.wav,prolongations,732138,44100,16,2,4.15,8742a8716300ec7448776018f9ed1d39,False,False,False,False,False,
KFHU03.wav,/home/ali/projects/stuttering-ai-system/ai/dataset/raw/Prolongations/KFHU03.wav,prolongations,642612,16000,16,2,10.0,90970afdbee146f5d1ab84634ff2da83,False,False,False,False,False,
KFHU25.wav,/home/ali/projects/stuttering-ai-system/ai/dataset/raw/Prolongations/KFHU25.wav,prolongations,642612,16000,16,2,10.0,e9fbb44090e4e81372f950b119f1e3d8,False,False,False,False,False,
KFHU31.wav,/home/ali/projects/stuttering-ai-system/ai/dataset/raw/Prolongations/KFHU31.wav,prolongations,642612,16000,16,2,10.0,7313f0b22aa99ec13105ac549b09015b,False,False,False,False,False,
KFHU35.wav,/home/ali/projects/stuttering-ai-system/ai/dataset/raw/Prolongations/KFHU35.wav,prolongations,642612,16000,16,2,10.0,b2f789f9ecba2150465f5a1119f0f2ba,False,False,False,False,False,
KFHU63.wav,/home/ali/projects/stuttering-ai-system/ai/dataset/raw/Prolongations/KFHU63.wav,prolongations,642612,16000,16,2,10.0,17c745ae066766aef6e49dca20b852b2,False,False,False,False,False,
01.1.wav,/home/ali/projects/stuttering-ai-system/ai/dataset/raw/Repetitions/Part-word repetition/01.1.wav,part_word_repetition,476358,44100,16,2,2.7,9abf85c11020de5fd9bbc7633887534b,False,False,False,False,False,
04.1.wav,/home/ali/projects/stuttering-ai-system/ai/dataset/raw/Repetitions/Part-word repetition/04.1.wav,part_word_repetition,670398,44100,16,2,3.8,e14251a0f99112a75405322b483361c8,False,False,False,False,False,
04.3.wav,/home/ali/projects/stuttering-ai-system/ai/dataset/raw/Repetitions/Part-word repetition/04.3.wav,part_word_repetition,493998,44100,16,2,2.8,cfb5f92b6efd76a414d381e422f58425,False,False,False,False,False,
08.1.wav,/home/ali/projects/stuttering-ai-system/ai/dataset/raw/Repetitions/Part-word repetition/08.1.wav,part_word_repetition,308778,44100,16,2,1.75,60e5a23e0de7653b1ada3059ab1e0daf,False,False,False,False,False,
08.3.wav,/home/ali/projects/stuttering-ai-system/ai/dataset/raw/Repetitions/Part-word repetition/08.3.wav,part_word_repetition,1146678,44100,16,2,6.5,6d3e1db8f8b1da5615579485a0811a16,False,False,False,False,False,
15.1.wav,/home/ali/projects/stuttering-ai-system/ai/dataset/raw/Repetitions/Part-word repetition/15.1.wav,part_word_repetition,723318,44100,16,2,4.1,815f3ba952646a11f1dbc27ad150f808,False,False,False,False,False,
34.1.wav,/home/ali/projects/stuttering-ai-system/ai/dataset/raw/Repetitions/Part-word repetition/34.1.wav,part_word_repetition,370518,44100,16,2,2.1,9d1a1d5bca6bd456e001f01a5739ab5c,False,False,False,False,False,
40.2.wav,/home/ali/projects/stuttering-ai-system/ai/dataset/raw/Repetitions/Part-word repetition/40.2.wav,part_word_repetition,882078,44100,16,2,5.0,cfff66f40954917c73db7b5b4ca643ce,False,False,False,False,False,
41.1.wav,/home/ali/projects/stuttering-ai-system/ai/dataset/raw/Repetitions/Part-word repetition/41.1.wav,part_word_repetition,317598,44100,16,2,1.8,6a88f4abf5ebf6ad4a5ef3c01dfaa1ee,False,False,False,False,False,
41.3.wav,/home/ali/projects/stuttering-ai-system/ai/dataset/raw/Repetitions/Part-word repetition/41.3.wav,part_word_repetition,846798,44100,16,2,4.8,9aec3ff7b6e32d035010b92c533ec9f0,False,False,False,False,False,
43.2.wav,/home/ali/projects/stuttering-ai-system/ai/dataset/raw/Repetitions/Part-word repetition/43.2.wav,part_word_repetition,1234878,44100,16,2,7.0,cb3d00ce3d7ef2181c9cf38c80d8fbe8,False,False,False,False,False,
52.2.wav,/home/ali/projects/stuttering-ai-system/ai/dataset/raw/Repetitions/Part-word repetition/52.2.wav,part_word_repetition,829162,44100,16,2,4.700023,1c31e7ae393cc773fc9b3d765343df12,False,False,False,False,False,
56.2.wav,/home/ali/projects/stuttering-ai-system/ai/dataset/raw/Repetitions/Part-word repetition/56.2.wav,part_word_repetition,1375998,44100,16,2,7.8,db01f926d4b1b789305371a6717556ba,False,False,False,False,False,
59.1.wav,/home/ali/projects/stuttering-ai-system/ai/dataset/raw/Repetitions/Part-word repetition/59.1.wav,part_word_repetition,617478,44100,16,2,3.5,f30d5345b561839b9f99d4ad24d280a5,False,False,False,False,False,
Audio_19.wav,/home/ali/projects/stuttering-ai-system/ai/dataset/raw/Repetitions/Part-word repetition/Audio_19.wav,part_word_repetition,642612,16000,16,2,10.0,e0fd35a27ad47c90fd4eb0d741367838,False,False,False,False,False,
Audio_20.wav,/home/ali/projects/stuttering-ai-system/ai/dataset/raw/Repetitions/Part-word repetition/Audio_20.wav,part_word_repetition,642612,16000,16,2,10.0,4093a37723577b05d4fa939fc22f6fea,False,False,False,False,False,
Audio_21.wav,/home/ali/projects/stuttering-ai-system/ai/dataset/raw/Repetitions/Part-word repetition/Audio_21.wav,part_word_repetition,642612,16000,16,2,10.0,5d89178f464f3a40c329bf58e927cdfd,False,False,False,False,False,
Audio_22.wav,/home/ali/projects/stuttering-ai-system/ai/dataset/raw/Repetitions/Part-word repetition/Audio_22.wav,part_word_repetition,642612,16000,16,2,10.0,d94a02f6e219a6766e7e23dd9de857b1,False,False,False,False,False,
Audio_23.wav,/home/ali/projects/stuttering-ai-system/ai/dataset/raw/Repetitions/Part-word repetition/Audio_23.wav,part_word_repetition,642612,16000,16,2,10.0,15155d65d8ac4ecd049c2d4ca35ad9d6,False,False,False,False,False,
Audio_25.wav,/home/ali/projects/stuttering-ai-system/ai/dataset/raw/Repetitions/Part-word repetition/Audio_25.wav,part_word_repetition,642612,16000,16,2,10.0,c61241ffd0d591cf14f27fab367b3335,False,False,False,False,False,
Audio_30.wav,/home/ali/projects/stuttering-ai-system/ai/dataset/raw/Repetitions/Part-word repetition/Audio_30.wav,part_word_repetition,642612,16000,16,2,10.0,4be187a35349cf9f1bc0eb8f2e0663d1,False,False,False,False,False,
Audio_31.wav,/home/ali/projects/stuttering-ai-system/ai/dataset/raw/Repetitions/Part-word repetition/Audio_31.wav,part_word_repetition,642612,16000,16,2,10.0,6e051f5be756e48007186e328b8679f2,False,False,False,False,False,
Audio_35.wav,/home/ali/projects/stuttering-ai-system/ai/dataset/raw/Repetitions/Part-word repetition/Audio_35.wav,part_word_repetition,642612,16000,16,2,10.0,b4b65cf4ba39871bce1418f8ec929be8,False,False,False,False,False,
Audio_36.wav,/home/ali/projects/stuttering-ai-system/ai/dataset/raw/Repetitions/Part-word repetition/Audio_36.wav,part_word_repetition,642612,16000,16,2,10.0,e037c8ca389d913c3d1cc77a5284113d,False,False,False,False,False,
Audio_44.wav,/home/ali/projects/stuttering-ai-system/ai/dataset/raw/Repetitions/Part-word repetition/Audio_44.wav,part_word_repetition,642612,16000,16,2,10.0,35d9b5aee0c70cd065292505267d0bdc,False,False,False,False,False,
Audio_45.wav,/home/ali/projects/stuttering-ai-system/ai/dataset/raw/Repetitions/Part-word repetition/Audio_45.wav,part_word_repetition,642612,16000,16,2,10.0,3dfd57364cd55f566fdcf99e1099c198,False,False,False,False,False,
Audio_46.wav,/home/ali/projects/stuttering-ai-system/ai/dataset/raw/Repetitions/Part-word repetition/Audio_46.wav,part_word_repetition,642612,16000,16,2,10.0,73bf44f4e1d97e3d118e80138aece410,False,False,False,False,False,
Audio_66.wav,/home/ali/projects/stuttering-ai-system/ai/dataset/raw/Repetitions/Part-word repetition/Audio_66.wav,part_word_repetition,642612,16000,16,2,10.0,548533985cb214fafe6387e50307733f,False,False,False,False,False,
Audio_69.wav,/home/ali/projects/stuttering-ai-system/ai/dataset/raw/Repetitions/Part-word repetition/Audio_69.wav,part_word_repetition,642612,16000,16,2,10.0,e32a2b2ceb5f16f82a1fa6ebb99c0126,False,False,False,False,False,
Audio_70.wav,/home/ali/projects/stuttering-ai-system/ai/dataset/raw/Repetitions/Part-word repetition/Audio_70.wav,part_word_repetition,642612,16000,16,2,10.0,072f34124b4b7643bd7800b7b1a46adc,False,False,False,False,False,
Audio_71.wav,/home/ali/projects/stuttering-ai-system/ai/dataset/raw/Repetitions/Part-word repetition/Audio_71.wav,part_word_repetition,642612,16000,16,2,10.0,bb9aa4a6e4a1eaea51b98128ca1a57eb,False,False,False,False,False,
KFHU06.wav,/home/ali/projects/stuttering-ai-system/ai/dataset/raw/Repetitions/Part-word repetition/KFHU06.wav,part_word_repetition,642612,16000,16,2,10.0,195b6482444e120256def2b805f19e6a,False,False,False,False,False,
KFHU09.wav,/home/ali/projects/stuttering-ai-system/ai/dataset/raw/Repetitions/Part-word repetition/KFHU09.wav,part_word_repetition,642612,16000,16,2,10.0,343fdf12aaaac75fcaa2cf63afa50498,False,False,False,False,False,
KFHU20.wav,/home/ali/projects/stuttering-ai-system/ai/dataset/raw/Repetitions/Part-word repetition/KFHU20.wav,part_word_repetition,642612,16000,16,2,10.0,b4c712e5b486d1f9f9c8c5b6d2e9ae73,False,False,False,False,False,
KFHU21.wav,/home/ali/projects/stuttering-ai-system/ai/dataset/raw/Repetitions/Part-word repetition/KFHU21.wav,part_word_repetition,642612,16000,16,2,10.0,88d1115a3787294f74d08defe12837f5,False,False,False,False,False,
KFHU23.wav,/home/ali/projects/stuttering-ai-system/ai/dataset/raw/Repetitions/Part-word repetition/KFHU23.wav,part_word_repetition,642612,16000,16,2,10.0,c82b0c3413c810fe929ad0423542035b,False,False,False,False,False,
KFHU24.wav,/home/ali/projects/stuttering-ai-system/ai/dataset/raw/Repetitions/Part-word repetition/KFHU24.wav,part_word_repetition,642612,16000,16,2,10.0,fc83dc1f63ec891a6353f9b0960c55ff,False,False,False,False,False,
KFHU27.wav,/home/ali/projects/stuttering-ai-system/ai/dataset/raw/Repetitions/Part-word repetition/KFHU27.wav,part_word_repetition,642612,16000,16,2,10.0,5ef177a2a576941e151138d47749be88,False,False,False,False,False,
KFHU29.wav,/home/ali/projects/stuttering-ai-system/ai/dataset/raw/Repetitions/Part-word repetition/KFHU29.wav,part_word_repetition,642612,16000,16,2,10.0,07fa868bf2154019c5dee4fc4b75c590,False,False,False,False,False,
KFHU32.wav,/home/ali/projects/stuttering-ai-system/ai/dataset/raw/Repetitions/Part-word repetition/KFHU32.wav,part_word_repetition,642612,16000,16,2,10.0,f53eee35347465b0228a97653a6ee3a9,False,False,False,False,False,
KFHU34.wav,/home/ali/projects/stuttering-ai-system/ai/dataset/raw/Repetitions/Part-word repetition/KFHU34.wav,part_word_repetition,642612,16000,16,2,10.0,4c4e6f0cc92c01df6b7ba6522a27a72e,False,False,False,False,False,
KFHU42.1.wav,/home/ali/projects/stuttering-ai-system/ai/dataset/raw/Repetitions/Part-word repetition/KFHU42.1.wav,part_word_repetition,573378,44100,16,2,3.25,bf0dcb69d975f33389851094adaac45a,False,False,False,False,False,
KFHU44.wav,/home/ali/projects/stuttering-ai-system/ai/dataset/raw/Repetitions/Part-word repetition/KFHU44.wav,part_word_repetition,642612,16000,16,2,10.0,b08d34e1351de932ba8dca805eace1ec,False,False,False,False,False,
KFHU49.wav,/home/ali/projects/stuttering-ai-system/ai/dataset/raw/Repetitions/Part-word repetition/KFHU49.wav,part_word_repetition,642612,16000,16,2,10.0,6ae1d0de64f433d30558cc5fae6f3a8a,False,False,False,False,False,
KFHU50.wav,/home/ali/projects/stuttering-ai-system/ai/dataset/raw/Repetitions/Part-word repetition/KFHU50.wav,part_word_repetition,642612,16000,16,2,10.0,8a326f69bb27c0334a390137ba4188ab,False,False,False,False,False,
KFHU51.1.wav,/home/ali/projects/stuttering-ai-system/ai/dataset/raw/Repetitions/Part-word repetition/KFHU51.1.wav,part_word_repetition,370518,44100,16,2,2.1,e780928ce3cf4cc819d4b684e404c452,False,False,False,False,False,
KFHU51.3.wav,/home/ali/projects/stuttering-ai-system/ai/dataset/raw/Repetitions/Part-word repetition/KFHU51.3.wav,part_word_repetition,582198,44100,16,2,3.3,8cf6c10d2722d291b5910ad1eb237e1d,False,False,False,False,False,
KFHU52.wav,/home/ali/projects/stuttering-ai-system/ai/dataset/raw/Repetitions/Part-word repetition/KFHU52.wav,part_word_repetition,642612,16000,16,2,10.0,74006c51ada7f4345f6d5765ac40f34c,False,False,False,False,False,
KFHU54.wav,/home/ali/projects/stuttering-ai-system/ai/dataset/raw/Repetitions/Part-word repetition/KFHU54.wav,part_word_repetition,642612,16000,16,2,10.0,216c31afdd1946dfd8f359b6ab5c20c4,False,False,False,False,False,
KFHU55.wav,/home/ali/projects/stuttering-ai-system/ai/dataset/raw/Repetitions/Part-word repetition/KFHU55.wav,part_word_repetition,642612,16000,16,2,10.0,3b688449ffa3d489ca265f26c2235c58,False,False,False,False,False,
KFHU56.wav,/home/ali/projects/stuttering-ai-system/ai/dataset/raw/Repetitions/Part-word repetition/KFHU56.wav,part_word_repetition,642612,16000,16,2,10.0,3173e9b014c4c9ea01846f309a2617e8,False,False,False,False,False,
KFHU57.wav,/home/ali/projects/stuttering-ai-system/ai/dataset/raw/Repetitions/Part-word repetition/KFHU57.wav,part_word_repetition,642612,16000,16,2,10.0,4a9ac9c87b64e416cbd464566f1ffed9,False,False,False,False,False,
KFHU58.2.wav,/home/ali/projects/stuttering-ai-system/ai/dataset/raw/Repetitions/Part-word repetition/KFHU58.2.wav,part_word_repetition,405798,44100,16,2,2.3,6fcfe711a93a159dc07d343edc818a1c,False,False,False,False,False,
KFHU59.2.wav,/home/ali/projects/stuttering-ai-system/ai/dataset/raw/Repetitions/Part-word repetition/KFHU59.2.wav,part_word_repetition,688038,44100,16,2,3.9,ae12efd2b3c2a5b505c147752a47ca8a,False,False,False,False,False,
KFHU60.wav,/home/ali/projects/stuttering-ai-system/ai/dataset/raw/Repetitions/Part-word repetition/KFHU60.wav,part_word_repetition,642612,16000,16,2,10.0,b42919a934188c0c3520c2a053cfbfdf,False,False,False,False,False,
KFHU61.wav,/home/ali/projects/stuttering-ai-system/ai/dataset/raw/Repetitions/Part-word repetition/KFHU61.wav,part_word_repetition,642612,16000,16,2,10.0,cc8f957f3ece574a29dff72c23fd24fc,False,False,False,False,False,
KFHU62.wav,/home/ali/projects/stuttering-ai-system/ai/dataset/raw/Repetitions/Part-word repetition/KFHU62.wav,part_word_repetition,642612,16000,16,2,10.0,352ce1d2b86f6ae717c4532c475b30a1,False,False,False,False,False,
KFHU64.wav,/home/ali/projects/stuttering-ai-system/ai/dataset/raw/Repetitions/Part-word repetition/KFHU64.wav,part_word_repetition,642612,16000,16,2,10.0,21934a10239b6dbc3cafe8155575d7a6,False,False,False,False,False,
KFHU65.2.wav,/home/ali/projects/stuttering-ai-system/ai/dataset/raw/Repetitions/Part-word repetition/KFHU65.2.wav,part_word_repetition,1040838,44100,16,2,5.9,44155929d2798bc36659de0361ee7c92,False,False,False,False,False,
KFHU70.wav,/home/ali/projects/stuttering-ai-system/ai/dataset/raw/Repetitions/Part-word repetition/KFHU70.wav,part_word_repetition,642612,16000,16,2,10.0,84c411df3d4bbda87e5ae85e45d86037,False,False,False,False,False,
KFUH01.1.wav,/home/ali/projects/stuttering-ai-system/ai/dataset/raw/Repetitions/Part-word repetition/KFUH01.1.wav,part_word_repetition,538098,44100,16,2,3.05,76c5596f51a7352f8f3b1cd19fc9f37f,False,False,False,False,False,
02.1.wav,/home/ali/projects/stuttering-ai-system/ai/dataset/raw/Repetitions/Phrase repetition/02.1.wav,phrase_repetition,1102578,44100,16,2,6.25,9a6e7bbd3b04db661a66c3aa018ca3c9,False,False,False,False,False,
Audio_103.wav,/home/ali/projects/stuttering-ai-system/ai/dataset/raw/Repetitions/Phrase repetition/Audio_103.wav,phrase_repetition,642652,16000,16,2,10.0,c5356260035e5cbcba47335a86e3459a,False,False,False,False,False,
01.2.wav,/home/ali/projects/stuttering-ai-system/ai/dataset/raw/Repetitions/Word repetition/01.2.wav,word_repetition,758598,44100,16,2,4.3,a92e004ff43ead8d245fc196006f22af,False,False,False,False,False,
07.2.wav,/home/ali/projects/stuttering-ai-system/ai/dataset/raw/Repetitions/Word repetition/07.2.wav,word_repetition,811518,44100,16,2,4.6,5a52c8fdada279e0b3c2888d54bc517f,False,False,False,False,False,
11.2.wav,/home/ali/projects/stuttering-ai-system/ai/dataset/raw/Repetitions/Word repetition/11.2.wav,word_repetition,952638,44100,16,2,5.4,4b80e0a67d62722b295e7c4867ddb148,False,False,False,False,False,
24.1.wav,/home/ali/projects/stuttering-ai-system/ai/dataset/raw/Repetitions/Word repetition/24.1.wav,word_repetition,493998,44100,16,2,2.8,93c99b659bf454818598bc2dca8b8873,False,False,False,False,False,
57.1.wav,/home/ali/projects/stuttering-ai-system/ai/dataset/raw/Repetitions/Word repetition/57.1.wav,word_repetition,917358,44100,16,2,5.2,a192d32a963e2dbf06ecf268546df5e7,False,False,False,False,False,
Audio_09.wav,/home/ali/projects/stuttering-ai-system/ai/dataset/raw/Repetitions/Word repetition/Audio_09.wav,word_repetition,642612,16000,16,2,10.0,0b5ff4ac014539a0718bc8c8211b13f3,False,False,False,False,False,
Audio_28.wav,/home/ali/projects/stuttering-ai-system/ai/dataset/raw/Repetitions/Word repetition/Audio_28.wav,word_repetition,642612,16000,16,2,10.0,620e220e82230d6b40e24223a90cd64c,False,False,False,False,False,
Audio_51.wav,/home/ali/projects/stuttering-ai-system/ai/dataset/raw/Repetitions/Word repetition/Audio_51.wav,word_repetition,642612,16000,16,2,10.0,a72f62097e3dfcf074c0c653bf5481f0,False,False,False,False,False,
KFHU05.wav,/home/ali/projects/stuttering-ai-system/ai/dataset/raw/Repetitions/Word repetition/KFHU05.wav,word_repetition,642612,16000,16,2,10.0,ca707856f0b7b38572d1b14f9119ebc4,False,False,False,False,False,
KFHU10.wav,/home/ali/projects/stuttering-ai-system/ai/dataset/raw/Repetitions/Word repetition/KFHU10.wav,word_repetition,642612,16000,16,2,10.0,b816b7c3cd899c4c07659e9750491f70,False,False,False,False,False,
KFHU19.wav,/home/ali/projects/stuttering-ai-system/ai/dataset/raw/Repetitions/Word repetition/KFHU19.wav,word_repetition,642612,16000,16,2,10.0,fc568c782d250da457bc70ad6d222aae,False,False,False,False,False,
KFHU26.wav,/home/ali/projects/stuttering-ai-system/ai/dataset/raw/Repetitions/Word repetition/KFHU26.wav,word_repetition,642612,16000,16,2,10.0,91eb9e0814ade17930a2d80b8f66c4bc,False,False,False,False,False,
KFHU39.wav,/home/ali/projects/stuttering-ai-system/ai/dataset/raw/Repetitions/Word repetition/KFHU39.wav,word_repetition,642612,16000,16,2,10.0,a355e8d4c1d1b072ad3c2b2463f7ccc1,False,False,False,False,False,
KFHU41.2.wav,/home/ali/projects/stuttering-ai-system/ai/dataset/raw/Repetitions/Word repetition/KFHU41.2.wav,word_repetition,1058478,44100,16,2,6.0,454faa5f7d62c883d57120e1348d2f2d,False,False,False,False,False,
KFHU51.2.wav,/home/ali/projects/stuttering-ai-system/ai/dataset/raw/Repetitions/Word repetition/KFHU51.2.wav,word_repetition,820338,44100,16,2,4.65,3e8eabc64740e7ab9fe8f7eb22821d2f,False,False,False,False,False,
KFHU53.1.wav,/home/ali/projects/stuttering-ai-system/ai/dataset/raw/Repetitions/Word repetition/KFHU53.1.wav,word_repetition,785058,44100,16,2,4.45,3fcf553c6567b96bfefe53e9ea7a1c65,False,False,False,False,False,
KFHU59.1.wav,/home/ali/projects/stuttering-ai-system/ai/dataset/raw/Repetitions/Word repetition/KFHU59.1.wav,word_repetition,1084938,44100,16,2,6.15,d402157c51be52a8265b4b28bdb70d99,False,False,False,False,False,
KFHU68.wav,/home/ali/projects/stuttering-ai-system/ai/dataset/raw/Repetitions/Word repetition/KFHU68.wav,word_repetition,642612,16000,16,2,10.0,5d85756ba8da26862da2e5131c07afa6,False,False,False,False,False,
